-0.1842266583865875,0.0007555572267796,0.1960068632465829
0.0244164804995845,0.044458566559653,-0.1792710723391104
-0.0135932670134186,-0.0013583618143292,-0.203004064312909
-0.1471226867142469,0.0047420725624732,0.3899784322632073
-0.0356493192059892,-0.0112906830531982,0.1129413913382873
0.032872212667704,0.0057332297086809,-0.0409807537225517
-0.1551296356863885,0.0024920008763876,0.1384239307973341
0.494708432089558,-0.0290851799915526,-0.5585045065871033
-0.2082502417859147,0.0016986772184967,0.2852718186352136
0.3196556208291681,-0.0371778771838899,-0.655109954685579
-0.1794049755127277,-0.0518232401896847,0.4661217815124788
0.2115919110171813,-0.0097412716382346,-0.7297699919364877
0.0280833675886719,0.0007657899934167,0.079319652708739
-0.0226510254200451,0.0053898635393035,0.1431401022793068
0.0857684271692412,0.0135385567046269,-0.4363784853885971
0.3081623926394911,-0.0365019460988076,-0.7565837088299622
-0.1538434887223056,0.0259770530390261,0.188590303254771
-0.0741516336414072,-0.0019404925385716,0.0555486270939565
0.3374153948651213,0.0143315961190002,-0.6502796822806551
-0.2088057478150824,0.0022577842178057,0.6083295651503529
-0.1508689318075011,0.0188652802262595,0.167367531585893
-0.039562489756284,-0.0254823934047494,-0.2734423674146324
0.0062188691992625,0.0021895657735585,0.1008086598645022
0.5770492026198868,0.0008840352967785,-0.9130160741957224
-0.1311252076673774,0.0001313584619181,0.2324430913089213
0.015960748331465,-0.0004413922262402,0.0955600174087581
-0.0649023214316195,0.0198999266306748,0.1861941838728009
-0.145647722429905,-0.0170708062523436,0.2308076447466246
0.0138810213257139,0.0058065645362466,0.0984886077644997
-0.1350383782176722,-0.0062590043029347,0.3626702780369457
-0.1307968297191009,-0.0036530597326931,0.233774268743349
0.77733238623952,0.3706848518199339,-0.7561273051381584
0.0110350791073177,0.0001984399320945,0.0944950754612161
0.0555850207568275,-0.0019899509106508,-0.4842628393870148
-0.02872601746316,0.0158750384200922,0.0874208182382566
-0.0340895239516759,-0.0055176972087822,-0.0035556509946385
0.0841812670859049,-0.0040953426462288,0.3083202050713071
-0.0879161426399965,0.0454903705288913,0.5563756115666844
0.0170006118343405,-0.0134503653006563,0.271807909727001
0.194461528048758,-0.0118009001674634,-0.4926302404034182
-0.1990501862683685,0.0013132430085002,0.2549590067712432
-0.2634505748911919,0.0008519157792788,0.1709426938383561
-0.3230840102982018,-0.0040313878547471,0.6286775630766069
-0.0830178382448723,0.0008701073644113,0.4466865909698322
0.027481341350165,0.0077775090879541,0.0766953314808669
-0.2253505234424127,-0.0193933856173584,0.2278029871089158
0.6465558683384095,0.0089292638216604,-0.8714833382415745
-0.1344637168081884,-0.0054679545931853,0.3609967978336645
-0.17598710836775,0.0139905038977644,0.1761152690121331
-0.1298937903613406,0.0006054766494359,0.2470860430876275
-0.2292500115781959,0.0073573971687987,0.7881145860800755
-0.2206136715385244,0.0001995769061653,0.1998482609859317
0.0820468104221077,-0.0022270100044097,0.3343732491451087
0.6554768025999207,0.4381926872728543,-0.7039071160676044
-0.1006407881357103,-6.78962439870867e-05,0.4500715850173778
0.6363761519418385,0.0042872829341587,-0.8077009223119904
-0.16324330749172,0.0052639436609639,0.0809170656300524
-0.1517692346823592,0.0092510274836928,0.1006565253005674
-0.1987628555636265,0.0030778267663601,0.1978324780137983
-0.0039882120263314,-0.0219930199815071,-0.3021197327163059
0.1200839227641339,-0.0426336472625566,-0.3390503981114317
-0.1425117130238646,-0.0010849195503051,0.2403921222745047
-0.1083850347492308,0.0011395702191876,-0.1893119535587943
0.7407456098357148,-0.0157876997466747,-0.7496996198119213
0.0188887850369303,0.00281006937269,0.1628034946678546
-0.3273173493480661,0.0048984064972062,0.8179709942522421
-0.1459733638952792,0.0103212043278202,0.0451274094644359
0.4954746473022031,0.0326283513531244,-0.5454970013706943
0.0166175042280179,-0.0018518085610503,-0.0092226635012026
-0.2082557147517193,-0.0150459378628938,0.5397168768158452
0.4965418756341017,-0.0375431301041299,-0.6840155218331544
-0.1487864683188478,-0.0040049532076014,0.289531586425383
-0.1421532337636628,0.0145618333683344,0.4256159538648896
-0.1625783421464602,0.0058784781462238,0.2039558942121662
-0.03682600685398,0.0113441967480099,0.1690029781481903
0.5485897804359247,-0.0339122034090747,-0.965844801522015
-0.1486770090027556,-0.0077947720290489,0.5799184353355649
-0.1101637486357284,0.0001842277562097,0.4389277282091675
0.403419362468695,0.0116255978305295,-0.8394590125333398
0.1366122794940504,0.0146442639884664,-0.5887032175281227
0.0143735882481286,0.0059125873683474,0.0719030927169266
0.0287948531432709,-0.0075500383603122,-0.463458437768957
-0.0242655503324044,-0.0021437266537246,0.0366839411660654
-0.0216385267461925,-0.0057612939034481,0.123134407121906
0.082922484950845,-0.0033105462938688,-0.4354276443640055
0.1223552035730463,0.0316420263467175,-0.499514329421459
-0.1630681725859726,-0.0073669855349156,0.6131978711962602
-0.0328854714746622,0.0560045382484851,-0.3223916633605924
-0.1360782417205478,0.0183252175426361,0.4161455772599599
-0.1857837171579985,-0.0026954433215735,0.1987072517564221
0.0926096344250013,-0.0512746502005304,-0.364913273980315
-0.0257158862706255,0.0024479431311446,0.0949895127940032
0.5611502369575002,0.0053108438413839,-0.8422735019661299
-0.0994367356586966,0.0022330550317661,0.2711993714712628
0.6364582464289075,0.0106026054103397,-0.8945317246776677
0.0996150306548997,0.0125664438741049,-0.4991339930116226
-0.2108170627482759,0.0012859556308013,0.24898772513681
-0.0193672459372802,0.0112162871650465,-0.0170956271848183
-0.2134386133686832,0.0065728850599564,0.421622421561606
0.0253195198573448,-0.0171577648717125,-0.2608532322490435
-0.215570333549578,0.0015713361225686,0.2818487909466854
-0.0944837016055262,-0.000121334025314,0.1222976670202654
-0.1579618954902732,0.0217020305328706,0.0672249548759378
-0.2009602513341767,0.0016770747111517,0.154588228215386
-0.0790225732075084,-0.0490518658921438,-0.2715406853654499
0.4191815039859663,0.0220687046706991,-0.8491575909841708
-0.0947573498957567,-0.0080702039976968,-0.0287719549667995
-0.0020179443366725,0.000539816396848,0.0863558762907147
-0.158202705985676,0.0013356982463982,0.1818963824416482
0.2354266770962495,0.0107572338839666,-0.5454589677297105
0.0379620708659895,0.0177112515444117,-0.4814483499542243
-0.1318914228800226,0.0065148993823463,0.0723214627677471
-0.1486250158276118,0.0136664662875904,0.0800042582464447
-0.2546500458773821,-0.0015354455258541,0.2632123068646956
-0.0407665422332978,0.0316562385226023,-0.1823137636178025
-0.0800350718813609,0.0475880876894915,-0.2708180461867603
0.0019773207006913,-0.0024157477001602,0.0639160281103599
-0.1865663512680574,0.001400505768433,0.1987833190383898
0.0662573040758134,-0.0519028283746397,-0.3705042192049118
-0.1424542468829162,0.0110627956654904,0.4222309598173446
0.0310114042941372,-0.0061094922126263,-0.4551671040345211
-0.1405387088513034,0.0464454287483515,0.434287624009162
0.106593062055775,0.0030937444033511,-0.560824558687106
-0.085562767344015,0.050638020634375,-0.2535127395391988
-0.1032678117219222,0.0002572783402577,0.1996200591400298
0.1002991513804757,0.0353599315581878,-0.5452687995247925
0.1221636497698851,0.007264449538512,-0.5294087712346095
-0.0786394656011858,-0.0047724107053819,-0.0463434971012468
0.0733721596218039,0.0026412287231783,-0.017704165440557
-0.1937906661301401,0.0045186571575637,0.2407724586843414
-0.0641908358770205,0.0056067413433059,0.0226875612840811
0.0483607058947449,0.0028706132419594,-0.0176661317995731
0.2956019361179154,0.0362268742871621,-0.7350186343922316
-0.0082023956958797,0.0049916383710107,0.0638779944693761
-0.099710383948927,-0.0333746989171106,-0.2163158386571869
-0.1512766677599444,-0.0020055843041241,0.1963491660154358
-0.1313988559576078,-0.0036436796966091,0.2065802154400383
-0.0551604422994171,0.0189960322443999,0.1824288534154192
0.008544879666221,0.0484237636315192,-0.3453639825147181
0.3382363397358126,0.0382222637813916,-0.547931154393648
0.0388103805657037,-0.008269458703602,0.4665401515632987
-0.1904849947841568,0.0001168620425156,0.2222500755253026
0.2846560045086994,-0.0717742926968025,-0.857448924718607
-0.0398087732174914,0.0558567316192829,0.2457548656531998
0.0243070211834923,-0.0141621110689683,0.2870213661204619
0.1990588193246287,-0.0143099176981705,-0.4934669805050585
-0.2756990723619048,0.0012802707604474,0.3429308183664301
0.044365440857381,-0.0109470326403031,-0.3836258253442719
-0.2206629282307658,0.004095987046749,0.5580871254109487
-0.1403745198771651,-0.0148693657897008,-0.1100118121078804
0.0851390361017113,-0.0343897325188048,-0.4993621948575246
0.0293421497237318,-0.0301562095662331,-0.2497854427228009
-0.1330133808699672,0.0021921239652178,0.484225794620697
0.0337478871964413,0.0066590108458184,0.1058291004743444
0.5836441264144394,-0.0338317624935666,-0.9527992626646222
-0.1164029296529817,-0.0286340855289683,-0.0491960201750208
0.0442559815412888,-0.0495123403908121,-0.5041924672624482
-0.0115682696657136,-0.0058295123476952,0.000970352282416
-0.2461395840512165,0.0067263765595125,0.5782829887732681
-0.154872406293572,0.000930366990163,0.6193212873946282
-0.2068382166083258,0.001552291806883,0.1966914687842887
-0.1089596961587146,0.0205906383786773,0.2346110088449896
0.0303546483975843,0.0051965779472699,0.1053346631415568
-0.1059222001371572,0.0574200709666137,-0.0445178823340315
-0.2124370606264399,0.0441913776530182,0.2444236882187716
-0.078748924917278,-0.0114112023047015,-0.0876480312094927
-0.063205702032191,0.001555986972613,0.007626239454555
-0.2753843768281399,0.0029013115418706,0.6520682522815527
-0.1959661700374718,-0.0006528694034064,0.2225543446531722
0.33785323212949,0.0274067979330395,-0.7583332563152102
0.0365390997567914,-0.0275252515664342,-0.384804868214765
-0.2886152716607799,0.0058938272961794,0.7265000876865597
0.0582394091720625,-0.0158765826946584,-0.4825893591837339
-0.1343542574920962,0.0003962734204113,0.411695641264873
-0.2048132192606208,-0.0011952060351714,0.4979939726567788
-0.105101255266466,-0.0148040182049824,0.3372257722188821
-0.20248447231076,-0.0119677511123513,0.5189885424797549
-0.2216480620755953,0.0219521648284436,0.1799566667514819
0.8104711941864219,-0.0665612665822486,-0.6973272961774326
0.2873651225819804,-0.0195080210280454,-0.648644235718358
-0.1278140633555896,-0.0475368479428214,-0.1578961661062976
-0.1343816223211193,0.0023626700758357,0.1002001216087636
0.0337752520254644,0.0040021866859091,0.0968531612022024
0.7328371742480561,-0.2851416892556854,-0.676979298251179
-0.1982073495344588,0.0032097157585713,0.4147002989025812
0.4686297500306003,-0.0004015981337627,-0.770808290557848
0.1004633403546139,-0.0104604077380067,-0.4850995794886551
0.1395403161995157,0.0230834540288757,-0.5999231416183001
-0.0603050301557487,0.0040442547265282,0.5272418425732073
-0.1578798010032041,0.0084400807277047,0.1184182356399328
0.2490543619497237,0.0087774777832105,-0.6952734795643153
0.5115925315967739,0.0122708306157005,-0.6006077471560058
-0.0413685684718047,0.0495266284801817,-0.2475794915457489
0.0185877719176768,0.0053145390071139,0.0742611784579135
-0.1537887590642596,0.0016270478520371,0.4440242361009769
0.0323522809162662,0.0061718174564866,-0.0461533288963288
-0.1672194171487678,-0.0069940580396978,0.2464775048318889
-0.1458556951304802,0.0082351411514455,0.431130831807519
-0.0094885426599626,-0.0007333103189146,0.1962350650924848
0.0807606634580248,-0.0542194130438663,-0.3947696821524818
-0.2040989972231195,0.0036255640249613,0.2369310609449921
-0.0582526679790207,0.0155765827265109,-0.1037362613455776
-0.0783658173109554,-0.0116010769745228,-0.0828557924455524
0.1103420436319315,0.0308802537192908,-0.4370630909263026
-0.2297973081586568,0.0030374641868472,0.1965013005793706
0.0034276566389124,0.0687727570634122,-0.124654763886586
-0.1538079144445757,-0.0133284248315645,0.2375015655597469
0.1802044521277538,-0.0172537186614424,-0.6509262541773773
0.1101504898287703,-0.7597800424108434,-0.6892641642888983
0.0312029580972985,-0.0480001648766667,-0.2073398993850455
-0.1540405154912715,-0.0146794058468242,0.331026288738547
0.1624720429208236,0.0292202715759432,-0.4798509370329109
-0.1307147352320318,-0.0121306226479914,0.0049258509447158
0.4372970207992191,-0.077348308078831,-0.6745071115872414
-0.145683296707635,0.0041778491798456,0.4031761056845349
-0.0708952189876653,-0.0105803585024746,0.1485028456580019
-0.1707467436098377,0.0011543508821078,0.5263290351895996
-0.0400276918496757,-0.0035169070877165,0.26492382070896
-0.2219490751948488,0.0029538965926444,0.6291720004093941
-0.3160621951708895,0.0104388811441465,0.8787107189031343
-0.1192488718713779,-0.0004578783502666,0.343691491186103
-0.0109115137691607,0.0394587230833714,0.0903874422349816
-0.170100933644894,0.0042528894685175,0.3324335334549423
0.0048506277481105,0.004200872904779,0.0653613064677386
-0.2342523023236077,0.0014985697820383,0.5143864719207327
-0.21288858030532,0.0059057655239227,0.4195305713075049
0.3968518035031653,-0.0083686596912781,-0.7532367484234008
-0.1930983359558572,0.0051201164410095,0.1997721937039646
0.5944805987075635,0.0112987177851785,-0.9982114299991028
-0.160353581546887,0.0008811928616015,0.3094992479417999
-0.2637707433907615,0.006487043517612,0.934468036585168
0.0090921762466819,-0.0375448355652361,-0.2038408044145495
0.4353814827676062,0.0115403247752205,-0.7954540899152543
0.1908767354467397,-0.0032718891754621,-0.7298460592184548
0.1326991089437556,0.0276597746637894,-0.5413513345034762
-0.0948120795538027,0.0077104276177778,0.3487879990779124
-0.1433873875526019,0.0177851548590128,0.2433207126302458
-0.1437540762615106,-0.0032264102126306,0.2275367516220301
-0.1095890872262446,-0.0287983782821969,-0.3316718717606034
-0.05986719289138,0.0026659579092179,0.4776079410895413
-0.2018550812432301,-0.040817331184476,0.2900260237581701
0.0304093780556304,-0.0040018265289067,0.0557387952988746
-0.0926502580609826,0.0037259019867081,0.4372922816468703
0.0784346529910663,0.0112418690816392,-0.5564126563330024
-0.1887500646240961,0.0007802864128192,0.198935453602324
-0.1523192677457223,0.0034817368050068,0.3112487954270482
0.6159893543196733,0.0152553875515139,-0.8363022203316967
-0.1419343151314784,-0.0204893717728926,-0.3639243993147402
0.1184146681937285,0.0151473750147892,-0.5031655589558898
-0.1661932360604038,0.0001913338441521,0.5974519438290289
-0.071989812148587,0.0004730191701893,0.0889041302366191
0.0266330316504508,0.0040647202598024,-0.057601454832408
-0.1137211764087237,0.0045178044270106,0.4263005594025953
-0.1054296332147424,0.0053082856497246,0.2502048016482867
-0.3345690290391718,-0.0079084694361275,0.4464583891239304
-0.19501387398747,0.0022867770566107,0.6742038313340384
-0.2232215397444201,-0.01130404249853,0.6192071864716773
-0.1979282282784238,0.0037452305459115,0.1982508480646183
0.5431168146313166,0.0090827553212165,-0.9434049533416602
-0.0551878071284401,0.0622607380729852,-0.0340586310635275
-0.1763373781792449,0.0013985160638091,0.1782071192662337
0.0784346529910663,-0.022802261276389,0.5079587865944957
-0.1251049452823086,0.005324771773751,-0.0485494482782984
-0.1186194808038479,0.0096370301807247,-0.1001991327340978
-0.2296112273213001,-0.0221578812217711,0.3481794608221743
-0.151011228918421,-0.009764295363168,0.3387471178582285
-0.0666536704890941,-0.0101306852574788,0.0184658271348956
-0.156547133829782,0.0007387868592355,0.1801848685973838
-0.1124623942736638,0.0029692457426,0.095674118331709
0.0391661233430033,0.0001600670572055,0.0068655666348821
0.0302999187395382,0.0068855529294225,0.2634024750696143
-0.0036051044200088,-0.0062302957076473,0.1388803344891379
0.5085003059171703,-0.0142777981806708,-0.6028517319740412
-0.1743999482844137,0.0095563050216989,0.1759251008072145
-0.0147152250033633,-0.053994860664886,0.53195801405518
-0.1350383782176722,0.0168187268988446,0.5558051069519295
-0.1927425931785577,9.63965092414924e-05,0.2244560267023547
-0.0152077919257781,0.0248940852366024,0.0722453954857795
-0.1308515593771471,-0.0019126366738374,0.5326806532338696
-0.2523486637565444,-0.0124853585580766,0.4404490738485138
-0.0916651242161531,0.0044143397865691,0.0253879497939204
0.8674721330414151,0.3805765262357723,-0.7318238085496047
-0.1184552918297097,0.0017711593155093,0.4238664063796413
-0.1918696551327227,0.0020085026527858,0.1814780123908277
-0.0037966582231702,0.002480346892162,0.0766953314808669
-0.2451352948260709,0.0050433706912314,0.1795002630596781
-0.1706920139517916,0.0017768441858632,0.176875941831806
0.0160428428185341,0.0076760341521365,-0.2767512941802097
-0.1073178064173322,-0.0085684828842188,-0.0291142577356524
-0.1528610913603785,0.0480627743640447,0.413064852340284
0.7148584815799185,0.0995222208078203,-0.7573443816496354
-0.1072630767592862,0.0031164838847668,0.4354286332386716
-0.4032925133510552,-0.0030305664289377,0.3866314718566462
-0.2031001809637785,0.0182285747466193,0.9959684340557332
-0.2522884611326937,0.0065492928479875,0.9036607873884096
-0.2466923535974819,0.003508739939188,0.6872493701914306
0.047101923759685,-0.0131865873162339,-0.3839300944721409
0.4646892146512825,0.0774592389642174,-0.7098023304200705
-0.2018304528971094,0.0499728908029652,-0.2228195912653916
0.5372607412203858,0.0161877062895584,-0.6368157733724423
0.0445296298315192,0.0015102237662639,0.1105072383153333
-0.20423034840243,0.047303844171795,-0.2286007046949068
0.0674066268947811,-0.0025246129674379,0.3830943432451664
0.0176300029018704,-0.0110794901195497,0.2854239531991485
0.5553215283755927,0.0083431536881702,-0.9350755859662404
-0.1845687187493755,-0.0010945838299068,0.1963491660154358
-0.2184573230115088,0.0344873039588595,0.1906821535088716
-0.1327123677507138,-0.0019097942386604,0.2053631389285611
-0.1620502009463155,0.0015883907336304,0.1910244562777245
-0.2000380565961003,-0.000248675121242,0.3009036450794947
-0.1545139270333701,0.017361632017645,0.0881054237759624
-0.1544537244095194,0.0027850559431327,0.3453269377484003
0.6225021836271569,0.0231687270841846,-0.9644755904466036
-0.1502887974322127,0.0049814056043736,0.5774082150306443
-0.1458474856817732,1.4818619662596188e-05,0.2184086777859538
-0.1516515659175601,0.0014053379082339,0.3461636778500409
-0.0788583842333701,-0.0249556901664578,-0.2568977335867438
-0.0529438911485508,0.0029661190639054,-0.0347052029602495
-0.0103915820177229,0.0034237511273968,0.0781786434792294
0.0034002918098894,0.0066911303633181,0.0784068453251313
0.4931486368352447,0.0416331859937497,-0.6342675194265377
-0.1190846828972397,-0.0067302800552755,0.0913382832595731
0.3324897256409741,-0.0360073623780157,-0.6510783887413119
0.1399781534638844,-0.0270966123417479,-0.6692965027724811
-0.0458290356025603,0.0098470861403024,-0.0300270651192601
0.0923086213057479,0.0137176301207757,0.4552061265501704
-0.2406611452808038,0.0011969874097623,0.6839024097848695
0.0360465328343767,0.0121997697362764,0.0785589798890661
0.0837707946505592,-0.0334955024121316,0.1132836941071401
-0.1557508173052116,0.0076837087271143,0.3584105102467763
-0.1356130396271561,0.0007231534657622,0.2359802199204011
-0.0793235863267619,-0.0086065715155901,0.198631184474455
-0.1998246109297205,0.0054290891447456,0.1767998745498389
-0.1651643184891375,0.0209658398220367,0.6184465136520044
-0.0838935127736096,-0.0330691371355869,-0.205210015489961
0.5864900686328356,-0.0218230423579246,-0.9696101319793964
-0.1430836379504461,-0.0102244856183186,-0.11157119138821
-0.061180704684486,-0.0585001204203756,0.5777885514404805
-0.1774347078230688,-0.001436244538178,0.2057054416974139
-0.1868290536266786,0.0023322560194422,0.1512032341678411
-0.1703554265548083,-0.0223642420156187,-0.3498519521507888
0.0291232310915475,0.0032335922140578,0.0494252108955885
-0.1996549489897777,0.0025633459993294,0.4775318738075742
-0.1350110133886492,0.037375218098656,0.245298461961396
-0.3254072842822578,-0.0245318830815723,0.5356472772305946
-0.1743479551092698,-0.000835922228803,0.644917927776626
-0.1364887141558934,0.0169693759632238,0.0864319435726818
-0.0694448830494442,-0.0433465300049395,-0.2958822155949869
0.051151918455095,0.0028853939048796,0.0451274094644359
0.086972479646255,0.0121713453845068,0.320985407518863
-0.1230252182765575,0.0115744339973441,0.5601029083830827
0.0148935199995664,-0.0448427878820939,-0.1284200943439677
-0.3580781536528659,-0.0018748322859837,0.4361132387763773
-0.2710333690134764,0.0065856760182527,0.9461443643671492
0.5527492344474269,-0.0239403723212459,-0.9672140125974262
0.2706725768779257,0.0115119004234509,-0.53264163071822
-0.3123898351159975,-0.0084198235244635,0.4627367874649338
-0.1161019165337282,-0.0209370553132646,-0.0736896849684923
0.0035918456130507,0.0110755866237867,0.5698014868339137
-0.1599047983509091,0.0009676028909812,0.2382242047384365
-0.2610014226936298,0.0038117435290525,0.5406677178404362
-0.0613722584876473,-0.0103634806984722,-0.3627073228032632
-0.0563371299474078,0.0099639102260757,0.5265952706764854
0.7477236412365901,-0.1302147599352043,-0.7376809892610872
-0.3496251579676486,0.0004352147823357,0.4448229425616336
0.7120125393615223,0.1429887395339701,-0.722201297380741
-0.2119061829433929,0.0022185586123636,0.2026247167777386
-0.2509749493395878,0.0012762913511996,0.2882384426319386
-0.1952574209657751,0.0084162042722182,0.2585341690237068
-0.1452454594432663,-0.0044659961933051,0.1158699816940284
0.1679723735544547,0.0300730021290328,-0.4733091507837229
0.5412012765997037,0.0014246664674372,-0.5378142058919965
0.14038862589923,0.0328585886024585,-0.5309301168739555
0.2081986722183243,-0.0123438052862638,-0.4939233841968623
-0.146025357070423,-0.0315839647556226,0.5393365404060085
-0.1748049477539546,0.0019490957575873,0.3226208540811598
-0.0447344424416387,-0.0231379528707886,-0.2746214102851253
-0.177193897327666,0.0034311414588569,0.2009892702154413
0.0219536458875108,0.012637504753529,0.3484076626680762
-0.3763195486796247,-0.0051734783088517,0.3625181434730108
-0.0525607835422283,-0.0164683776985025,0.365332632905801
-0.2241492074483012,0.0059535184348957,0.8130266209243674
-0.0645739434833431,-0.001845555203661,0.5315776776453438
-0.2744211348465288,0.0024061593340433,0.6938291900816024
0.0204212154622205,-0.0051643825162854,-0.4314341120607222
-0.298759413779621,0.0039126499778347,0.6161264615520019
0.110643056751185,0.043313065183336,0.4800040604715115
0.5428978959991322,0.015246860245983,-0.6328222410691591
-0.0374280330924869,0.0026682318573594,0.0358852347054087
-0.1491449475790496,-0.0441122820416139,0.263972979684369
0.0989582747583467,-0.0490632356328516,-0.3879996940573916
-0.1473224499661151,0.0186862068101107,0.0785209462480823
-0.2438765126910111,0.0007416292944125,0.6965676122324255
-0.2382229390148509,0.0049003962018301,0.1792720612137761
-0.1816269996293986,0.0468689515897193,0.2143771118416869
-0.2964525586929787,0.0131804098723294,0.983607500736046
-0.1550831154770494,0.006258511729384,0.1041556202710633
0.0326532940355196,0.0043228133738708,0.088295591980881
0.2471114590890878,0.0012285384402266,-0.7027661068380948
0.2099773861048219,-0.0052507925456651,-0.7093459267282667
0.3940058612847691,-0.0341080471927676,-0.8570685883087706
-0.2013761967353269,0.0147949130528455,1.0
0.0230208742194094,0.0032443934677303,0.066540349338232
0.0027161710843134,0.0058943957832148,0.0263387908185119
-0.1316451394188152,-0.0020595905724865,0.227232482494161
-0.1232715017377648,0.0056291965812039,0.5027862114207191
-0.0351567522835745,0.0149114528951011,0.1686226417383536
-0.1202340057162073,-0.0501120942131517,0.2427121743745072
-0.0484834240177952,-0.0182312559952562,0.2118288578957819
0.0828403904637758,0.0046792547450622,-0.0321949826553283
-0.1525655512069297,-0.0013614884930238,0.3214037775696831
-0.1715266412369944,-0.7285985285195365,-0.6216023169789817
-0.1370360107363542,-0.0598076406017796,0.4616338118764075
-0.218531208049871,0.0009087644828181,0.6958830066947197
0.5666232027621083,-0.0083692281783135,-0.5931531535232102
0.2572638106566358,-0.0232669994278228,-0.670627680206909
0.0171648008084787,-0.0027193197770601,0.038775791420166
0.320996497451297,-0.0235933109861384,-0.6511544560232793
0.3823484441209537,-0.0802305373482736,-0.7469611976610983
-0.0430378230422102,0.0032344449446109,0.0319297360431089
0.6434089130007599,0.0082755037309584,-0.8701901944481305
0.6936507390870622,-0.4401482067611214,-0.7068737400643291
0.8966704056089994,-0.1388813447897708,-0.7092318258053157
0.1395129513704927,0.0207498147485873,-0.6073397016101122
0.0287674883142479,-0.0002083125417291,-0.0185028719012137
0.3657653577329913,0.000834861168217,-0.650089514075737
0.0933758496376465,-0.0129662985900191,-0.4863546896411156
0.5615607093928459,-0.0072424868741646,-0.6689161663626446
0.0958660490787431,0.0285608266148873,0.5747838938027722
0.6094765250121896,0.051618660770428,-0.9794988786351458
-0.0223226474717685,0.0546003752710643,0.2322529231040032
0.0248816825929762,-0.0141137896709599,0.28637479422374
-0.3595394355226963,-0.0011676344139548,0.431435100935388
0.5795667668900064,0.0164946892886706,-0.5825417676887712
0.0458705064536482,0.0136835208986522,-0.483996603900129
-0.3269889713997896,0.000444310574902,0.8078540457505909
-0.1412228295768794,-0.0005693018092037,0.0540653150955941
-0.195851237755575,-0.0006713452320567,0.2200821579892344
-0.1732287336022275,0.0082826098189008,0.1810596423400077
-0.0881076964431578,-0.0155485656752366,0.0149667321643997
-0.2499405588025169,0.0014471217053352,0.2876679380171838
0.2051611761967668,-0.0087575048234869,-0.4960913017329305
-0.3009540730672689,0.02118754976584,0.1150712752333717
-0.1332870291601976,-0.0026928851299143,0.2264718096744881
0.6716220517235146,-0.4990434636278377,-0.6573539395036143
0.0368127480470219,0.0089707633752441,0.0818298730136601
-0.0904063420810932,-0.000880832704599,0.1350389367497891
-0.030751014810865,0.0122367213935769,-0.0167152907749822
0.2159702836608677,-0.0091298638316694,-0.6637435911888678
-0.1244755542147786,-0.012383883622259,-0.0843771380848987
-0.1624716193132703,-0.0045148860783489,0.6135401739651132
-0.3197372917086839,-0.001661933891229,0.3439577266729888
-0.1998601852074505,0.0012987465890977,0.4794715894977405
-0.2075497021629249,0.0012689010197395,0.6234289206208629
-0.0851249300796464,0.0103604299332623,0.5118762516158121
0.0678444641591497,-0.0531762393339201,-0.3961008595869095
0.0002807013012628,0.0047923836651054,0.0658937774415095
-0.1138580005538389,0.0058327149398746,0.1165545872317341
0.0774495191462369,0.0039314100500027,-0.0284676858389305
-0.2222911355576368,0.0004312353730879,0.5992395249552603
0.0046590739449493,0.0065774329562395,0.0178572888791575
-0.1526011254846596,0.0212216589879635,0.2421416697597524
0.3127596839153619,0.0344986736995674,-0.5171999724788573
-0.0818137857678585,0.0174497475081309,0.1890467069465749
-0.0809654760681442,0.0193740761229362,-0.2507362837473919
0.0210779713587736,0.0232255757877239,0.3314826924303508
0.1128869727310743,0.0168869453430918,-0.460834116541085
0.7323172424966182,-0.0498392204361631,-0.7393925031053517
-0.1973864046637676,0.0220573349299913,0.2490637924187771
0.0936768627568999,0.0396463238050511,0.4657034114616582
-0.2724973873662091,0.0007572626878858,0.6627557053979591
-0.1494952173905445,0.0025650514604356,0.3360086957074054
0.4389389105406015,0.1177308605514585,-0.8401055844300617
-0.1548149401526236,-0.0059378091279376,0.1672534306629421
0.1388561954739397,0.0249509339401417,-0.551430249364144
0.0692127056103017,-0.0311288908837905,-0.5294848385165769
0.1216163531894242,0.0041383393308858,-0.5288763002608383
0.5615059797347998,0.0128762693083941,-0.821507133989056
-0.0749452136830754,-0.0508767092757553,-0.290519472216292
-0.0006223380564975,0.0020116293314805,0.0116197717578386
-0.3167791536912932,1.0,-0.373889213252457
0.0098583914593269,0.0564650127471534,-0.3031086073818806
-0.0479087626083114,0.0336402582761239,-0.1684314846587692
0.1397865996607231,0.0209658398220367,-0.5969565176215751
-0.134901554072557,-0.038655659232394,-0.0442136132061624
-0.2232872153340754,0.0097265668887991,0.54789410962733
0.0587319760944772,-0.0232533557389734,-0.3497378512278378
-0.3264061005415988,0.0056124262136599,0.481069002419054
-0.087560399862697,-0.0004058617865282,0.0642963645201966
-0.3307680542878715,-0.0034933148757476,0.6273083520011955
0.0291505959205705,-0.0079954479525426,0.2224022100892374
-0.1492735622754579,0.0120974420699057,0.0786350471710332
-0.1260079846400689,0.0031983460178634,0.2919277058073532
-0.2498009981744993,0.0008931310893448,0.6856139236291339
-0.1662260738552314,-0.0241106341883461,0.4748695189387183
0.4525392305650526,0.0125834984851667,-0.6787668793774104
-0.1472868756883852,0.0004775670664725,0.0795858881956247
-0.2851317289261468,-0.0047940132127269,0.5315016103633762
0.7440841189765257,-0.1194845671421612,-0.7371865519282998
-0.184834157590899,0.0082163810792776,0.1661124214334325
-0.004343954803631,0.012640347188706,-0.2311109249998279
-0.0352935764286897,0.022568973261845,-0.3635060292639199
0.7006561353169606,-0.4156748398874522,-0.6718827903593696
0.13633863120382,0.0280832975051572,-0.5426064446559368
-0.1213012340481059,0.0374235394966644,0.5026340768567843
0.9967435853462584,-0.3863409088611726,-0.705048125297114
-0.1344089871501423,0.0003041785206776,0.4065991333730636
0.0905025425902272,-0.0350102361179363,-0.4991339930116226
-0.1551268992034862,0.0032506468251196,0.4487404075829496
-0.2561277466446263,0.0027213853951687,0.5338216624633791
0.578554268216154,-0.0436890434437638,-0.9467899473892052
-0.145242722960364,0.0050783326439081,0.0749457839956192
0.0170553414923866,0.0020372112480732,-0.0261476337389275
-0.1331228401860594,0.0577128417898411,0.3133406456811488
0.0342951837769021,0.0113242997017712,-0.376057130788525
0.0204759451202667,-0.0146292652903025,0.2882384426319386
-0.2029414649554448,0.0156817528280586,0.2136925063039811
-0.0502347730752698,0.0109854814286769,0.2499385661614015
0.1612679904438099,-0.0159835719547193,-0.6494429421790149
-0.0972749141658764,-0.0016349307570479,0.1380055607465135
0.7311679196776506,0.3266839552805146,-0.7323943131643595
-0.0061500335191516,-0.0361224810026828,-0.4618990584886275
-0.0527523373453895,0.0378783291249788,-0.1719305796292656
-0.0255516972964873,0.0110917885042954,0.4202151768452106
0.5540080165824867,0.0003462465612967,-0.9531415654334752
-0.2331276078507608,-0.0240256453765548,0.2812022190499629
-0.0863837122147063,-0.0457546410868643,0.5205859554010683
-0.2300107538250365,0.0017697380979208,0.1191789084596062
0.0882312617813148,0.0212046043769017,-0.5037740972116281
0.0587046112654542,-0.0199326524191322,-0.4747924627820854
-0.1181542787104562,-0.0015476679971151,0.0374446139857383
-0.285492944669251,-0.0034896197100176,0.5345062680010849
0.356132937916881,-0.0899232413017245,-0.6719588576413367
0.0161796669636493,0.0547993457334519,-0.1561466186210499
0.3878487747545849,0.0327022546677254,-0.6589513524249277
0.4017501078982896,-0.0024620793935447,-0.8518960131349939
0.7958310106590952,-0.2933279025653448,-0.7061891345266234
-0.1360782417205478,0.0058480640898303,0.1166306545137013
-0.1488603533572099,-0.0087231113578457,0.1644389412301519
-0.2338527758198713,0.0043799463209278,0.2835983384319331
-0.2053030497001332,0.0037628536440087,0.6122850638126531
0.1402518017541147,0.0242943314142628,-0.5498708700838141
-0.059785098404311,0.0499188845346029,-0.2518392593359183
-0.1916178987057107,-0.0095903383303377,0.6159362933470833
-0.1928657349091614,-0.0012534759562992,0.4653230750518221
-0.0487297074790026,0.0041485720975228,0.2479227831892675
-0.0226783902490681,0.0166339686123419,0.56257509504702
0.590074861234854,-0.0076762424821694,-0.9250347047465564
-0.1778780180532421,0.0411073354860112,0.2171535676334932
-0.0435577547936479,0.0179727555806925,0.1739473514760649
-0.0620837440422463,0.0023365196722076,0.2705527995745403
-0.2354344629374031,-0.0186112611540647,-0.4281251852951444
0.3049333428147723,0.0373723756634791,-0.5121414982280316
-0.2210159345251631,-0.0303659812822931,0.2893414182204644
0.1347241062914606,0.015406036615893,-0.5215358075509936
-0.2283852829810679,-0.0105826324506162,0.418769898487832
-0.1921898236322922,0.0054953178843689,0.3479512589762724
-0.1339711498857736,0.0540375731060252,0.3129222756303287
-0.0183821120924507,0.0053375627320473,0.1435584723301267
0.3615785388924661,-0.068403164576922,-0.8592365058448386
0.1071677234652588,-0.0079610544869013,-0.5706752717018718
-0.0302037182304042,-0.0170480070797892,0.3156606977811518
-0.2967754636754506,-0.0047724107053819,0.2540461993876355
-0.0300395292562659,-0.0031112915879635,0.0311690632234355
-0.0720445418066331,0.0026901186082221,0.255111141335178
0.0142641289320364,0.0124413767263184,-0.2343818181244219
-0.0921303263095448,0.0467495693122868,-0.2585712137900243
-0.0285344636599987,0.0416616103455193,0.0136735883709559
-0.0732212294546238,-0.0047655888609572,0.3562045590697248
0.1878939690832282,-0.0134753787302136,-0.5319570251805142
-0.1483130567767492,0.0021537510903288,0.3361227966303564
-0.0312983113913258,0.0174014261101225,0.0867362127005508
-0.09973774877795,-0.0463089159463725,-0.1489962941161232
-0.1150073233728066,-0.0032386326838916,0.3295810103811684
-0.1385684411616444,-0.0037002441566307,0.1967675360662558
0.1962402419352555,0.0234217038149345,-0.7016631312495688
-0.0904063420810932,-0.0018918868970455,0.3131885111172145
-0.1839475371305524,0.0017148790990054,0.2193214851695615
-0.0150436029516398,0.0022643218187127,0.0792435854267719
-0.3053734929544899,-0.0075145079206001,0.4668063870501845
-0.0650938752347808,0.0020789950451746,0.0851387997792374
-0.2331631821284907,-0.0024671957768633,0.2186749132728395
-0.0923766097707521,0.000536973961671,0.3397740261647871
0.3978916670060408,-0.0634004786654634,-0.8598830777415608
-0.136269795523709,-0.1203429825656046,-0.0473323717668216
-0.1489971775023252,0.0059208304303606,0.3651044310598991
0.1030082694537567,0.0191637359198408,-0.5087565041804866
0.0715387160772601,-0.0275207036701511,-0.5548913106936564
0.2450317320833367,0.0469172729877278,-0.5130923392526228
-0.1501109260435629,0.0120178538849506,0.5597606056142298
-0.2727217789641981,0.0008482206135487,0.4581727505468954
0.7663043601432347,-0.4405461476858965,-0.7112095751364655
0.6393862831343728,0.0132656829276383,-0.7760949666545756
0.1970064571479007,-0.0191253439801706,-0.49962843034441
0.2521739524583503,0.0101580485486624,-0.7259285941971388
-0.1332049346731285,-0.001591725742358,0.2691455548581455
0.016015477989511,0.0009090487263358,0.1372448879268407
-0.212609459049285,0.007112663500062,0.1860800829498499
-0.1566812214919949,-0.0021786886064013,0.2007991020105232
-0.140292425390096,0.0052215913768272,0.3646860610090791
0.7893181813516116,-0.0940532996138547,-0.7388600321315804
-0.2572743329806917,0.0083653246825505,0.2537038966187827
0.3353083030303472,-0.032317881518315,-0.6539309118150858
-0.1358045934303174,0.0033993061848749,0.1150712752333717
0.6134717900495537,0.0047648120438889,-0.8210126966562686
0.0434350366705976,0.0015258571597372,0.1104311710333661
0.0034550214679355,0.0044510072003519,0.1365222487481516
-0.0555982795637858,0.0033958952626625,0.2569747897433767
-0.0562003058022927,0.0034669561420866,0.2464014375499217
-0.1500671423171261,0.0013473522306238,0.6127414675044565
0.0527390785384314,-0.0098171646574595,-0.5094030760772085
0.4848023639832173,-0.0120746266750052,-0.7873909580267203
-0.1319461525380686,-0.0016133282497029,0.2410006605302433
-0.0364702640766805,0.0072257924201052,0.0183897598529285
-0.0642182007060435,-0.0106005397922311,-0.1157548918964117
0.5097864528812532,0.030050262647617,-0.6597880925265681
-0.1456942426392442,-0.0127630644748661,-0.0339064964995927
0.5858333127362828,0.0172450921753894,-0.6097358209920823
0.4906310725651248,0.0023862622878045,-0.6297795497904667
-0.080144531197453,-0.0929788591169619,0.4528860744501679
-0.082798919612688,0.018256999098389,0.1877155295121466
0.6132802362463923,0.0229299625293195,-0.8630398699432038
0.5284766311039898,0.004505297712232,-0.6102302583248698
0.5638867198598042,0.0159233598181006,-0.80926030159232
-0.1654653316083909,0.0173047833141057,0.0947613109481013
-0.2623121980038335,-0.0055773883474984,0.2632123068646956
-0.1377474962909532,0.0002959354586644,0.1826570552613211
-0.1222863678929354,-0.0036382790697729,0.1980606798597002
0.6321346034432672,0.0070580887446643,-0.799219420372636
-0.1338343257406584,0.017685669627819,0.3991065060992841
-0.0696911665106516,0.0051400134872483,0.0228777294889998
0.5242898122634647,-0.0137849199209851,-0.6026615637691232
0.2624083985129674,0.0563484729048978,-0.6067691969953574
-0.1496676158133897,0.0161820214192045,0.0827046467562839
-0.1553731826646936,0.006534796428585,0.1066658405759845
-0.5457269957125612,0.8206707646852739,-0.4447458864050004
-0.0529986208065969,-0.0018154253907852,-0.3626692891622796
-0.1367623624461238,0.0026889816341513,0.1815540796727953
-0.2196531660398157,0.0049836795525152,0.5596084710502951
-0.0498790302979703,0.009408214148979,0.158505693236702
0.299296188036026,-0.1013754126297167,-0.7187782696922123
-0.1203434650322995,0.0064020547058208,0.2377678010466326
-0.1705524533237741,0.0019516539492465,0.180451104084269
0.0277823544694184,0.0130638700300738,0.3471145188746318
-0.165744452864426,0.0199510904638601,0.1908723217137897
0.4565618604314396,0.0340239870250142,-0.5645898891444874
0.0717302698804215,-0.031577995641751,-0.5145376176100017
-0.120671842980576,-0.0017005910096358,0.1516596378596449
-0.0671188725824858,0.018419017903476,0.0947993445890852
-0.2233611003724376,0.0129132209656946,0.2515740127236983
-0.1865526688535459,0.0454392066957059,0.0723214627677471
0.0608937975872974,-0.0044168220647436,0.3895980958533712
0.018013110508193,-0.0027059603317283,-0.0311300407077859
0.0162343966216953,0.005458650470586,0.0776842061464417
0.5153962428309765,0.0145646758035113,-0.5991624687986269
-0.1992745778663574,0.029319756807137,0.1821245842875501
0.1205217600285026,-0.039255128811216,-0.5537883351051303
0.0621525797223573,-0.0191004158236686,-0.4169052612049673
-0.1889936116024011,0.0021094091015681,0.1807173395711548
-0.0931975546414433,0.0026352596093066,0.3713419481812181
-0.0734127832577851,0.0169039999541536,0.4702674483796966
-0.1734175509224865,0.0023888204794638,0.5233624111928747
-0.1420711392765936,0.0121031269402596,0.4263766266845625
-0.1355309451400869,-0.0121996938227916,-0.0120371529339928
-0.0768060220566421,-0.0604358187758889,-0.4873055306657069
-0.1863939528452123,0.0202239642408488,0.1796904312645962
-0.3163741542217522,-0.001525212759217,0.3413714390861005
0.7924104070312152,-0.1806452448449186,-0.7050100916561302
-0.2493686338759353,0.0012023880365986,0.6783494982012562
-0.0756293344086514,-0.0105053182138028,-0.1592273435407258
-0.1713186685364193,0.0338335438681575,0.2112583532810271
-0.0819779747419968,-0.0246285258775891,-0.0023005408421779
-0.2186105660540378,-0.0009592839154833,0.1972239397580596
-0.1276498743814513,0.0167448235842435,0.2352195471007282
-0.2033136266301582,0.0042824507943579,0.2354477489466301
0.0593613671620072,-0.0363154823511987,-0.3537313835311215
0.0080249479147833,0.0047261549254821,0.1976803434498635
-0.1479053208243059,-0.0022605507394979,0.6235810551847976
0.3571454365907335,0.0143884448225395,-0.7536551184742211
0.54683843137845,0.0120945996347287,-0.6912419136200484
-0.1543196367473066,-0.0158780323365986,0.3335745426844519
0.5532418013698415,-0.0259536691570902,-0.5333262362559257
0.1833787722944266,0.0101992638587284,-0.4876478334345598
-0.0441871458611779,0.0159631539105782,0.5178855668912287
-0.2458166790687446,0.0025920545946168,0.2211851335777607
-0.1946006650692221,-0.0199000496876524,0.5314635767223929
0.5943164097334253,0.0195957860667395,-0.8992098625186568
-0.0037419285651241,0.0008860250014023,0.0698873097447931
0.408180842718704,0.0096009312539772,-0.8137102375874075
-0.0073814508251885,0.0295784184082408,-0.187790607919448
-0.0298206106240816,-0.0175093257817051,0.3562425927107081
-0.1846809145483699,-0.0013970189327359,0.4566514049075491
0.023431346654755,0.0047429252930262,0.0175910533922718
0.0762728314982462,0.0119524778758804,0.3184371535729581
-0.1353120265079026,0.0064623143315724,-0.0498045584307589
-0.1346005409533036,-0.0020200807235266,0.227650852544981
-0.1477438683330699,0.0187601101247118,0.0803845946562809
-0.1529842330909822,0.0080350337149872,0.1004663570956493
-0.3327903151526742,-0.0073564685247609,0.4426930586665492
-0.190531514993496,-0.0575621168119772,0.4623944846960809
0.0378799763789204,-0.0055975696372549,0.1851672755662422
-0.1666119179444563,0.0059336213886569,0.2394032476089299
0.5961224884489459,0.0118359380336249,-0.8999705353383299
0.0912140281448262,0.0114351546736728,-0.5535220996182448
0.086288358920679,-0.0160042080341041,-0.4908046256362028
0.3416295785346695,0.0040237891932541,-0.6510023214593444
-0.1414417482090637,0.0317841481055657,0.4886757306157844
-0.078092169020725,0.0163525675298224,0.0937724362825265
0.3960034938034509,0.0232483152691396,-0.661461572729849
0.3495927437803743,-0.0695628781291237,-0.7430437326397821
0.3323529014958589,0.0491031056388139,-0.648568168436391
-0.1353120265079026,0.0116199129601755,0.0838456559857935
-0.1468134641462865,-0.0309739781666459,-0.0027189108929979
-0.0362239806154731,0.011824568292917,0.1682803389695007
-0.1362971603527321,0.0010145030714012,0.4239044400206252
-0.1263089977593223,-0.0083601323857472,0.1563758093416176
-0.1326576380926677,-0.0114310993509403,0.0074360712496369
0.2664857580374004,0.0573632222630744,-0.6049055485871585
-0.1460910326600783,-0.0016158864413622,0.2442335200138535
-0.2349035852543561,-0.0143650609406036,0.3769328934058151
0.5328823685766994,0.0243142284605015,-0.6705896465659251
0.4466284274960758,0.0588213915088575,-0.6071495334051938
-0.1651670549720398,0.0189619230222763,0.1839882326957488
-0.1106563155581431,0.0003513629446152,-0.1941802596047017
0.0574458291303943,0.0006694314409176,0.1031287119645052
0.0634934563444863,-0.0089934269431751,-0.4606059146951833
0.3746862919945025,0.003819702347548,-0.8491575909841708
-0.3244604611980606,-0.0017548815215158,0.3419419437008553
-0.0538195656772881,0.0024422582607907,0.2913952348335817
-0.3197126633625631,0.0103609984202977,0.8382048912555452
0.0593887319910302,0.0282879528378987,-0.4179321695115259
-0.1224779216960966,-0.0358379532414685,0.5467531003978204
-0.22158238648594,0.0013550268056016,0.3038322354352358
-0.0860279694374067,-0.0016227082857869,0.1431781359202906
0.5382732398942384,0.0338676530902811,-0.5397539215821627
-0.0459111300896294,0.0010926700387677,0.1474759373514432
-0.1061684835983645,-0.0010979947521192,0.0426171891595148
-0.2354673007322308,0.0019479587835165,0.2776270567974999
-0.1537148740258974,0.0019894583371002,0.1848249727973893
0.4938053927317977,-0.0339744527394503,-0.5631446107871088
-0.3273282952796753,0.0022535205650402,0.4983743090666155
0.0526569840513623,-0.0121212426119074,-0.5081479659247482
-0.077408048295149,-0.0059073950715441,-0.1254154367062589
-0.2192290111899585,0.0032674171926637,0.1909483889957574
-0.1510331207816394,0.0171313947683108,0.0536469450447741
-0.3352613592134547,-0.0163707400501737,0.535343008102725
-0.0329675659617313,0.0010008593825517,0.0732342701513548
-0.2323942304329433,0.0073562601947279,0.5706762605765376
-0.2428886423632793,0.0184048057275911,0.9290672595654894
-0.1165397537980969,0.007208169322008,-0.0440234450012438
0.530556358109741,0.0091356246155081,-0.538536845070686
-0.2427271898720434,0.001161741213568,0.5164402885338499
-0.0397814083884684,-0.0446966867139979,0.5851290441503252
0.0371958556533443,0.0001967344709883,-0.0239797162028598
0.568374551819583,-0.018921939318907,-0.5339728081526477
-0.0203250149530866,-0.0005170010019475,0.151963906987514
0.5784174440710388,-0.0090104815542368,-0.8899296541186458
-0.1400461419288886,-0.014054667019279,-0.067642336052092
-0.2027143368745536,0.0018035630765267,0.5170107931486048
-0.0617553660939699,0.0650235850649952,0.170334155582618
-0.1407302626544646,-0.0078916990685834,-0.0499947266356776
-0.2205534689146737,0.0026656736657002,0.6971381168471803
0.0983836133488629,-0.006509707085543,-0.5694581951903949
0.7115199724391076,0.1485798095270604,-0.7549482622676652
0.0229387797323403,0.0113328270073021,-0.3732806749967183
0.0774495191462369,-0.0205439465282903,0.0887900293136681
0.0936768627568999,0.0407747705703062,0.5300182983650137
-0.1843087528736566,0.004749747137451,0.499971721987929
0.0547093462280903,0.0024655662292418,0.1011889962743389
0.0675708158689193,0.044376135939521,0.5307789711846871
-0.0018263905335112,0.0007487353823549,-0.0291522913766363
-0.0819779747419968,-0.0041015960036182,0.1141965014907478
0.0183688532854925,0.0009300827466453,-0.0153841133405539
-0.1147063102535532,-0.0287702381739449,-0.0373675578291048
0.1909588299338088,-0.0190979144807129,-0.5066646539263857
-0.1724789372869962,-0.0007961281363255,0.2022824140088857
-0.1868208441779717,-0.1045560975927406,-0.12750728696036
-0.1942421858090203,0.0016495030899352,0.2233910847548122
-0.2525785283203379,0.0149796713393482,0.9949795593901584
-0.2866039567275865,0.0015929386299136,0.6912048688537303
-0.3610362916702566,-0.0040072271557429,0.4547877564993504
-0.3838147753490354,-0.0018799486693023,0.4488164748649172
-0.24874471577421,0.0031432027754303,0.2218697391154664
0.7452881714535395,-0.1543527194579917,-0.7287811172709127
-0.0438314030838784,-0.0071754054039882,-0.3035650110736845
-0.1345731761242805,-0.0052240736550017,0.3447944667746293
-0.1167313076012581,-0.0283714445186167,-0.0611766170848711
-0.2119554396356344,-0.0403616888256085,0.2806317144352082
-0.0270567628927546,0.0067673076260608,0.1570984485203072
-0.1326029084346217,0.000752430548085,0.1815540796727953
0.425803792609542,0.1810034675907009,-0.834172336436612
-0.1481297124222948,0.0451180115207089,0.0124184782184953
-0.0349925633094363,0.0142349533229834,0.0950655800759709
-0.2438354654474765,0.0024556177061224,0.2158223901990656
-0.2300545375514733,0.0793750402734919,0.3470004179516808
-0.2928294553303281,0.0151871691072667,0.9846724426835886
-0.0824979064934345,-0.0012946912663652,0.0695450069759403
0.5778154178325318,-0.0211218135997673,-0.577977730770733
0.1899463312599563,0.0097328202461884,-0.7326225150102614
-0.3167189510674425,0.0117336103672541,0.8425407263276812
0.0318049843358054,-0.0114382054388827,0.3756017159713869
0.1330822165500782,-0.0022406536932591,-0.5686594887297381
-0.0955235651084018,-0.0198663952551571,0.3388612187811794
-0.0700742741169741,-0.0118051638202289,0.1711328620432747
0.0046317091159262,0.0541654826889887,-0.3355513031409358
0.2929201828736575,0.0416644527806963,-0.736616047313545
-0.0281239912246531,0.0157982926703142,0.0791294845038209
-0.163558003025485,0.0134220168623714,0.1257206947087943
-0.1617190865151367,0.0168215693340216,0.0879913228530114
-0.1621514508137007,-0.0018401545768248,0.6412286646012121
-0.1029667986026688,-0.0139716679121117,0.399753077996006
0.628631905328318,0.0060274217494968,-0.9560701557892164
0.3138816419053065,-0.0003595300931437,-0.7610716784660332
0.5229215708123127,0.0325970845661777,-0.5840250796871336
0.0229661445613633,0.0033157385906721,-0.0229147742553173
-0.2110086165514372,0.0206815963043402,0.9941428192885178
-0.1528145711510393,0.0231857816952464,0.2475804804204146
-0.3279877876591305,0.0020710362266791,0.8136351591801061
-0.0830452030738953,-0.0070415267071531,-0.1108485522095204
-0.0532449042678043,-0.0078982366694904,-0.3376431533950366
-0.0529165263195278,0.0029624238981753,-0.0322330162963122
-0.0398908677045606,0.0041627842734077,0.2888089472466934
-0.1446516426534663,-0.0019328179635938,0.1792340275727923
0.7400614891101387,0.3036602303470976,-0.7389360994135478
-0.1670169174139973,0.0007947828322218,0.5165543894568009
-0.1593356099072299,0.0001501185340861,0.312123569169672
-0.1799194342983609,0.0024206557534458,0.2248363631121908
-0.1750074474887251,-0.0029387557727218,0.0448231403365669
0.5337306782764137,0.0346152135418229,-0.6172284482658617
-0.0326665528424779,-0.0046962334426393,0.0273656991250705
-0.1425855980622268,-0.0423656056253688,0.2640110133253524
-0.2755896130458127,-0.0075281516094496,0.4744511488878983
-0.3166751673410056,0.0201415336207168,0.1079970180104127
-0.026071629047925,0.0077777933314718,0.3355522920156016
-0.1707713719559584,0.0092359625772549,0.1782451529072175
-0.1375012128297459,-0.0063914617821812,0.3646860610090791
-0.1365981734719855,0.0015548499985422,0.1737191496301629
-0.1737185640417399,0.0027569158348807,0.1995059582170788
-0.1667596880211807,-0.0095008016222633,0.1733007795793429
0.4526760547101677,0.0318381543739281,-0.550213172852667
-0.1443533660171152,-0.0045740087300298,0.0835794204989078
-0.167482119507389,0.0573603798278974,0.2088242002580737
-0.1716470464846957,0.0034933907892324,0.205477239851512
0.4874567523984521,0.0009738562483706,-0.5556519835133292
0.1577379274998376,-0.0001136594503362,-0.6437378960314671
-0.0207354873884322,0.0675476675021402,-0.2212982456260453
0.2946441671021091,-0.0850655195842912,-0.7042113851954734
-0.1316177745897921,0.0007947828322218,0.3413334054451167
-0.0952499168181714,0.5263650264623108,-0.2859174016572701
-0.1365160789849164,-0.001648858689415,0.3168017070106614
0.6412197266789166,0.0109564885898719,-0.776171033936543
0.0159333835024419,0.0056363026691464,0.0716748908710247
-0.0722908252678404,0.0186833643749337,0.186270251154768
-0.168040362019459,0.0035465443270416,0.2039558942121662
0.4661669154185268,-0.0139614351454746,-0.6041829094084692
-0.1745860291217703,0.0015727573401571,0.2162407602498856
0.2482334170790325,-0.0014464773048151,-0.6836351854233179
-0.0328581066456391,0.0109761013925929,-0.0261476337389275
0.1065109675687059,-0.0229836086406794,0.4979179053748117
1.0,-0.8035535441361054,-0.6794514849151162
-0.0920755966514987,0.0276029259602501,0.4861655103108633
0.1010380017640978,0.0190244565961695,-0.4525047491656654
0.4873472930823601,0.0018396620032741,-0.6354085286560472
-0.1402103309030269,0.0021915554781824,0.4057623932714231
-0.2117638858324731,-0.0002563496962198,0.3085864405581923
-0.0019905795076495,-0.0010385878569206,0.0050779855086506
0.0682823014235183,0.0118899443019872,-0.422724408275466
-0.1794597051707738,0.001073625723082,0.650851175770076
0.2630651544095204,0.0204371468791212,-0.6980499353561219
-0.1067978746658945,-0.001699454035565,0.0327284425037651
-0.1719754244329722,0.0008800558875307,0.2027007840597057
0.3458437622042178,-0.0772829320697608,-0.7440326073053571
-0.0785847359431397,-0.0251634721778939,-0.0059137367356248
-0.1729797136581178,-0.001441929408532,0.204526398826921
-0.2021478849137767,-0.0001668129881454,0.4872684858993891
0.2358371495315951,0.0110224330859775,-0.7251298877364821
-0.1440961366242986,0.0003911570370927,0.051022623816902
0.0308745801490221,0.0627837461455468,-0.2303502521801544
-0.2190484033184065,-0.0202290047106826,0.2351054461777773
-0.0757935233827896,-0.0492025149565229,-0.2931437934441638
-0.2095829089593368,0.0065018241805322,0.1903398507400187
-0.2374567238022058,-0.0079289349694016,0.4218125897665241
-0.187723883535732,0.1062531073068736,0.3464299133369261
0.6280846087478572,-0.583151120514234,-0.658494948733124
0.0221178348616491,0.0611010245207834,0.3101838534795057
0.0811985007223934,0.0345214131809831,-0.4437570117394254
0.0041117773644884,0.004858328161211,0.5677857038617803
0.066695141340182,0.0191012023459476,0.192393667353136
-0.183736827947075,0.0010727729925289,0.3134547466040997
-0.1940068482794221,-0.0012506335211222,0.4666162188452659
0.0244712101576306,-0.0038298592007003,0.0601887312939621
0.0844549153761353,0.0244790897007655,0.2005709001646213
-0.1720930931977713,-0.00105223154577,0.0474094279234551
0.0061915043702396,0.0056127104571776,0.1485028456580019
0.4215622441109707,-0.0532103485560437,-0.8602634141513972
0.1343957283431842,0.0188396983096668,0.4266048285304644
-0.1448596153540415,0.0033708818331052,0.1825049206973863
0.3066299622142008,0.0567748381814426,-0.6485301347954071
-0.1127360425638943,-0.0095559448646964,0.0266430599463809
-0.3760896841158311,0.0034538809402726,0.5637541379175129
-0.159598312265851,0.002924335266804,0.2059336435433159
-0.0989168039072588,0.0372558358212235,-0.1774834912128783
-0.2010916025134873,0.0008880147060262,0.1964252332974029
-0.1458447491988709,-0.0709983078934911,0.4680234635616612
-0.0878614129819505,-0.0124415850563514,-0.0826275905996505
-0.2379657096220343,-0.009856958749937,0.2218697391154664
-0.2456990103039456,-0.024310173137769,0.2288298954154745
-0.0861100639244759,0.0024851790319629,0.2872495679663638
0.3142921143406521,0.0159318871236315,-0.7587135927250466
-0.1763072768673196,0.002787614134792,0.2004187656006865
-0.1505733916540523,0.0008058683294119,0.1370927533629059
-0.2376044938789302,0.027452276895871,0.2324430913089213
-0.1433627592064811,-0.0023898815400498,0.2165069957367713
-0.0335695922002382,0.0137858485650229,0.1663025896383505
-0.1965463044127603,0.0064071710891393,0.4035184084533877
-0.0270567628927546,-0.05920788677944,0.5843683713306523
-0.0115409048366906,-0.0034813766480044,0.0016549578201218
-0.1653722911897126,0.0011361592969753,0.1471716682235736
0.5525303158152425,-0.0571385939706094,-0.6650747686232958
-0.1331775698441055,0.024598471978198,0.2493680615466467
-0.0116503641527827,-0.0068616005604512,0.274318130031922
-0.0999019377520883,0.002022430585153,0.0603408658578969
-0.126801564681737,-0.0124873482627005,-0.0062940731454615
-0.1860929397259588,-0.0004007454032096,0.2003807319597027
-0.0198324480306719,0.0133822227698939,-0.0096410335520226
-0.3096807170427165,0.0058247561213791,0.380660190222213
0.0325985643774736,0.0019195344317468,0.0139778574988249
0.0506867163617033,0.0127682567716694,0.3349057201188796
-0.1775113293443333,0.0051525202020269,0.2768283503368431
-0.0038240230521932,0.0005992232920466,0.0128368482693153
0.0245533046446997,-0.0135370595735537,0.2849295158663608
0.498840521272037,0.0032551947214027,-0.687666751367585
-0.1511781543754615,-0.0045944742633039,0.6247600980552905
-0.1391978322291744,0.0040709736171917,0.3665877430582616
-0.1555428446046364,0.0061067256909341,0.3630886480877657
-0.1631557400388463,0.0014673029950917,0.142873866792421
0.6250744775553226,0.0085173949645182,-0.9554996511744616
-0.0277682484473536,0.0413716819574689,0.0168303805725989
-0.0298206106240816,0.0260253744370345,-0.3636581638278544
-0.3053461281254669,0.0073201612679805,0.4712563230452714
-0.2915241529859291,0.0089747427844918,0.409147387318968
-0.0263726421671786,-0.0006247292951545,0.1465250963268517
-0.1111762473095809,-0.0108077533166319,0.4156891735681561
0.0852758602468265,0.0234956071295356,-0.4406002195377823
-0.1534248068382531,0.0005341315264941,0.447371196507538
-0.306922342277194,-0.0039523681568275,0.638490242450389
-0.1075914547075626,0.0004633548905876,0.3163072696778737
-0.7114237719299736,0.3702016378398498,-0.5595694485346454
-0.1691185362829668,0.0019678558297552,0.1837219972088636
0.6575838944346948,-0.0009598524025187,-0.7581430881102919
0.1721044627369339,0.0204627287957139,-0.4855559831804589
-0.1307147352320318,0.0188851772724982,0.4016167264042052
0.503574636693023,-0.0736133482562989,-0.6648846004183775
-0.1130644205121707,0.0393848197687703,0.063801927187409
-0.0613722584876473,0.0171399220738417,0.4748695189387183
-0.1127360425638943,0.0021108303191566,0.1921274318662502
0.0767653984206609,0.0079295793699218,-0.0374816587520558
-0.2114355078841966,-0.0045325091764461,0.2910529320647288
-0.0160834664545153,-0.0026914639123258,0.1961209641695339
0.0773400598301448,0.0446035307536782,0.0993633815071236
-0.087560399862697,0.0022586369483588,0.0960544547415457
-0.3578647079864862,0.0054890645269796,0.5880956681470502
-0.0610712453683939,-0.0055782410780515,0.302843360769661
-0.1792024757779572,-0.0200887305346993,0.2578875971269844
-0.1220948140897741,-0.0012460856248391,0.1501382922202986
-0.1333964884762898,-0.0014481827659213,0.2408485259663085
0.0055621133027096,0.0059637512015327,-0.0622035253914297
-0.1326850029216907,-0.0015289079249471,0.0450133085414849
0.04912692110739,0.0354366773079658,0.2855380541220994
0.1215342587023551,0.0121741878196837,-0.5245784988296857
-0.0369901958281183,0.0101316139015166,-0.0259194318930255
0.0183962181145156,0.0125891833555206,-0.2807828601244772
-0.1912101627532674,-0.0287017354861801,0.3531238341500489
0.1690122370573303,0.0110826927117291,-0.6873624822397157
0.3336116836309187,-0.0724849014910438,-0.8581715638972963
0.4303463542273667,0.0393393408059389,-0.6527138353036088
-0.0743158226155454,-0.0613567677732255,0.2216415372695645
-0.2272496425766117,0.0064000650011969,0.3432350874942992
-0.175114170321915,0.0054600716881745,0.2011794384203594
-0.0983147776687519,0.0021702372143552,0.2688412857302765
-0.0705942058684119,0.0073471644021616,0.246553572113856
-0.4228386634256325,-0.0111767014026019,-0.6838633872692198
-0.1479326856533289,0.0184673393014844,0.1648573112809719
-0.0852891190537846,-0.0009004455073201,0.3407248671893786
-0.326822045942749,0.0025184355235334,0.4981461072207136
-0.0269473035766624,-0.0026698614049809,0.1098606664186113
0.4290875720923069,0.0132685253628153,-0.8261852718300451
-0.0020453091656956,0.0031184735893907,0.208329762925286
0.4997435606297973,-0.0395888307009917,-0.5665676384756373
-0.0730570404804856,0.0705862307063159,0.4970431316321878
-0.3614659194859183,-0.0032960498744663,0.4473331628665548
-0.3626508165826159,-0.0033577307178064,0.4261864584796444
-0.059183072165804,0.0085060252238103,0.0213183502086696
-0.1965244125495418,0.002042043387874,0.2147954818925069
-0.04834659987268,-0.0186577349692081,-0.2726056273129918
0.1268430355328249,-0.0195069693270299,-0.5543968733608686
0.7511442448644701,-0.1316388199588638,-0.7371104846463324
-0.3096642981453026,0.0201102668337702,0.1072743788317231
0.5795667668900064,-0.002791517630555,-0.9135485451694936
-0.3668212165257273,-0.0029143108301999,0.4255398865829219
